File,Function,LOC,SLOC-P,SLOC-L,MVG,BLOC,C&SLOC,CLOC,CWORD
G:\Documents\Git\Lyssa-s-Odyssey\LyssasOdyssey\Source\LissasOdyssey\Characters\CharacterBase.cpp,ACharacterBase::ACharacterBase(const class FObjectInitializer& ObjectInitializer),3,2,2,0,0,0,1,21,
G:\Documents\Git\Lyssa-s-Odyssey\LyssasOdyssey\Source\LissasOdyssey\Characters\CharacterBase.cpp,ACharacterBase::BeginPlay(),4,3,3,0,1,0,0,0,
G:\Documents\Git\Lyssa-s-Odyssey\LyssasOdyssey\Source\LissasOdyssey\Characters\CharacterBase.cpp,ACharacterBase::GetCurrentLife(),2,2,2,1,0,0,0,0,
G:\Documents\Git\Lyssa-s-Odyssey\LyssasOdyssey\Source\LissasOdyssey\Characters\CharacterBase.cpp,ACharacterBase::UpdateLife(float lifeChange),6,6,4,1,0,0,0,0,
G:\Documents\Git\Lyssa-s-Odyssey\LyssasOdyssey\Source\LissasOdyssey\Characters\CharacterBase.cpp,ACharacterBase::Tick(float DeltaTime),3,2,2,0,1,0,0,0,
G:\Documents\Git\Lyssa-s-Odyssey\LyssasOdyssey\Source\LissasOdyssey\Characters\CharacterActors\Shot.cpp,AShot::AShot(),7,4,4,0,1,0,2,26,
G:\Documents\Git\Lyssa-s-Odyssey\LyssasOdyssey\Source\LissasOdyssey\Characters\CharacterActors\Shot.cpp,AShot::BeginPlay(),8,4,4,0,3,0,1,4,
G:\Documents\Git\Lyssa-s-Odyssey\LyssasOdyssey\Source\LissasOdyssey\Characters\CharacterActors\Shot.cpp,"AShot::InitializeShot(FVector ownerLocation, float ttl, float speed)",8,6,6,0,2,2,0,11,
G:\Documents\Git\Lyssa-s-Odyssey\LyssasOdyssey\Source\LissasOdyssey\Characters\CharacterActors\Shot.cpp,"AShot::InitializeShot(FVector ownerLocation, FVector targetDirection, float ttl, float speed)",7,5,5,0,2,1,0,5,
G:\Documents\Git\Lyssa-s-Odyssey\LyssasOdyssey\Source\LissasOdyssey\Characters\CharacterActors\Shot.cpp,AShot::CustomDestroy(),2,2,2,1,0,0,0,0,
G:\Documents\Git\Lyssa-s-Odyssey\LyssasOdyssey\Source\LissasOdyssey\Characters\CharacterActors\Shot.cpp,AShot::Move(float deltaTime),3,3,3,0,0,0,0,0,
G:\Documents\Git\Lyssa-s-Odyssey\LyssasOdyssey\Source\LissasOdyssey\Characters\CharacterActors\Shot.cpp,AShot::HandleOverlapWithFoe(AActor* currentActor),21,16,12,3,3,0,2,10,
G:\Documents\Git\Lyssa-s-Odyssey\LyssasOdyssey\Source\LissasOdyssey\Characters\CharacterActors\Shot.cpp,AShot::HandleOverlapWithLyssa(AActor* currentActor),20,15,11,3,3,0,2,10,
G:\Documents\Git\Lyssa-s-Odyssey\LyssasOdyssey\Source\LissasOdyssey\Characters\CharacterActors\Shot.cpp,AShot::HandleOverlapWithFylgja(AActor* currentActor),46,20,16,3,7,1,19,113,
G:\Documents\Git\Lyssa-s-Odyssey\LyssasOdyssey\Source\LissasOdyssey\Characters\CharacterActors\Shot.cpp,AShot::HandleOverlapWithWall(AActor* currentActor),12,11,7,3,0,0,1,5,
G:\Documents\Git\Lyssa-s-Odyssey\LyssasOdyssey\Source\LissasOdyssey\Characters\CharacterActors\Shot.cpp,AShot::HandleOverlapWithHindrance(AActor* currentActor),12,11,7,3,0,0,1,5,
G:\Documents\Git\Lyssa-s-Odyssey\LyssasOdyssey\Source\LissasOdyssey\Characters\CharacterActors\Shot.cpp,AShot::HandleOverlap(),22,20,10,5,1,0,1,9,
G:\Documents\Git\Lyssa-s-Odyssey\LyssasOdyssey\Source\LissasOdyssey\Characters\CharacterActors\Shot.cpp,AShot::Tick(float DeltaTime),12,9,7,1,3,0,0,0,
G:\Documents\Git\Lyssa-s-Odyssey\LyssasOdyssey\Source\LissasOdyssey\Characters\Foes\Boss.cpp,ABoss::ABoss(const FObjectInitializer& ObjectInitializer),2,1,1,0,1,0,0,0,
G:\Documents\Git\Lyssa-s-Odyssey\LyssasOdyssey\Source\LissasOdyssey\Characters\Foes\Boss.cpp,ABoss::BeginPlay(),4,3,3,0,1,0,0,0,
G:\Documents\Git\Lyssa-s-Odyssey\LyssasOdyssey\Source\LissasOdyssey\Characters\Foes\Boss.cpp,ABoss::GetCurrentAttackState(),2,2,2,1,0,0,0,0,
G:\Documents\Git\Lyssa-s-Odyssey\LyssasOdyssey\Source\LissasOdyssey\Characters\Foes\Boss.cpp,"ABoss::HandleAttackState(float DeltaTime, bool isUnderPlayerDetectionDistance)",44,40,22,9,4,0,0,0,
G:\Documents\Git\Lyssa-s-Odyssey\LyssasOdyssey\Source\LissasOdyssey\Characters\Foes\Boss.cpp,ABoss::Tick(float DeltaTime),18,14,10,3,4,0,0,0,
G:\Documents\Git\Lyssa-s-Odyssey\LyssasOdyssey\Source\LissasOdyssey\Characters\Foes\Boss.cpp,ABoss::CustomDestroy(),17,14,9,4,3,0,0,0,
G:\Documents\Git\Lyssa-s-Odyssey\LyssasOdyssey\Source\LissasOdyssey\Characters\Foes\Boss.cpp,"ABoss::MoveTowardsPlayer(float deltaTime, float speed)",12,10,7,2,2,1,0,6,
G:\Documents\Git\Lyssa-s-Odyssey\LyssasOdyssey\Source\LissasOdyssey\Characters\Foes\Foe.cpp,AFoe::AFoe(const class FObjectInitializer& ObjectInitializer),10,6,6,0,2,0,2,24,
G:\Documents\Git\Lyssa-s-Odyssey\LyssasOdyssey\Source\LissasOdyssey\Characters\Foes\Foe.cpp,AFoe::BeginPlay(),22,14,12,1,5,0,3,8,
G:\Documents\Git\Lyssa-s-Odyssey\LyssasOdyssey\Source\LissasOdyssey\Characters\Foes\Foe.cpp,AFoe::CustomDestroy(),2,2,2,1,0,0,0,0,
G:\Documents\Git\Lyssa-s-Odyssey\LyssasOdyssey\Source\LissasOdyssey\Characters\Foes\Foe.cpp,AFoe::GetCurrentLife(),2,2,2,1,0,0,0,0,
G:\Documents\Git\Lyssa-s-Odyssey\LyssasOdyssey\Source\LissasOdyssey\Characters\Foes\Foe.cpp,AFoe::UpdateLife(float lifeChange),6,6,4,1,0,0,0,0,
G:\Documents\Git\Lyssa-s-Odyssey\LyssasOdyssey\Source\LissasOdyssey\Characters\Foes\Foe.cpp,AFoe::GetIsFoeActive(),2,2,2,1,0,0,0,0,
G:\Documents\Git\Lyssa-s-Odyssey\LyssasOdyssey\Source\LissasOdyssey\Characters\Foes\Foe.cpp,AFoe::SetIsFoeActive(bool newState),2,2,2,0,0,0,0,0,
G:\Documents\Git\Lyssa-s-Odyssey\LyssasOdyssey\Source\LissasOdyssey\Characters\Foes\Foe.cpp,AFoe::LookAtPlayer(),8,5,5,0,2,0,1,3,
G:\Documents\Git\Lyssa-s-Odyssey\LyssasOdyssey\Source\LissasOdyssey\Characters\Foes\Foe.cpp,AFoe::SpawnShots(),17,13,10,2,4,0,0,0,
G:\Documents\Git\Lyssa-s-Odyssey\LyssasOdyssey\Source\LissasOdyssey\Characters\Foes\Foe.cpp,AFoe::CheckForDeath(),5,5,3,1,0,0,0,0,
G:\Documents\Git\Lyssa-s-Odyssey\LyssasOdyssey\Source\LissasOdyssey\Characters\Foes\Foe.cpp,AFoe::CheckForPlayerOverlap(float deltaTime),16,13,9,2,0,0,3,19,
G:\Documents\Git\Lyssa-s-Odyssey\LyssasOdyssey\Source\LissasOdyssey\Characters\Foes\Foe.cpp,"AFoe::MainFoe(float DeltaTime, bool isUnderPlayerDetectionDistance)",28,21,11,3,5,1,2,21,
G:\Documents\Git\Lyssa-s-Odyssey\LyssasOdyssey\Source\LissasOdyssey\Characters\Foes\Foe.cpp,AFoe::Tick(float DeltaTime),13,10,8,3,3,0,0,0,
G:\Documents\Git\Lyssa-s-Odyssey\LyssasOdyssey\Source\LissasOdyssey\Characters\Foes\Foe.cpp,AFoe::GetCurrentState() const,2,2,2,1,0,0,0,0,
G:\Documents\Git\Lyssa-s-Odyssey\LyssasOdyssey\Source\LissasOdyssey\Characters\Foes\Foe.cpp,AFoe::SetCurrentState(ECharacterActionState newState),3,3,3,0,0,0,0,0,
G:\Documents\Git\Lyssa-s-Odyssey\LyssasOdyssey\Source\LissasOdyssey\Characters\Foes\Foe.cpp,AFoe::HandleNewState(ECharacterActionState newState),33,26,17,7,6,2,1,10,
G:\Documents\Git\Lyssa-s-Odyssey\LyssasOdyssey\Source\LissasOdyssey\Characters\Fylgja\Fylgja.cpp,AFylgja::AFylgja(const class FObjectInitializer& ObjectInitializer),11,4,4,0,2,0,5,37,
G:\Documents\Git\Lyssa-s-Odyssey\LyssasOdyssey\Source\LissasOdyssey\Characters\Fylgja\Fylgja.cpp,AFylgja::BeginPlay(),4,3,3,0,1,1,0,2,
G:\Documents\Git\Lyssa-s-Odyssey\LyssasOdyssey\Source\LissasOdyssey\Characters\Fylgja\Fylgja.cpp,AFylgja::ShowFylfja(),4,4,4,0,0,1,0,2,
G:\Documents\Git\Lyssa-s-Odyssey\LyssasOdyssey\Source\LissasOdyssey\Characters\Fylgja\Fylgja.cpp,AFylgja::HideFylfja(),3,3,3,0,0,0,0,0,
G:\Documents\Git\Lyssa-s-Odyssey\LyssasOdyssey\Source\LissasOdyssey\Characters\Fylgja\Fylgja.cpp,AFylgja::FollowMousePosition(),27,15,14,1,7,0,5,27,
G:\Documents\Git\Lyssa-s-Odyssey\LyssasOdyssey\Source\LissasOdyssey\Characters\Fylgja\Fylgja.cpp,AFylgja::UpdateFRotation(),55,47,23,6,3,0,5,34,
G:\Documents\Git\Lyssa-s-Odyssey\LyssasOdyssey\Source\LissasOdyssey\Characters\Fylgja\Fylgja.cpp,AFylgja::Tick(float DeltaTime),16,14,8,2,1,0,1,3,
G:\Documents\Git\Lyssa-s-Odyssey\LyssasOdyssey\Source\LissasOdyssey\Characters\Lyssa\Lyssa.cpp,ALyssa::ALyssa(const class FObjectInitializer& ObjectInitializer),22,11,11,0,5,2,6,45,
G:\Documents\Git\Lyssa-s-Odyssey\LyssasOdyssey\Source\LissasOdyssey\Characters\Lyssa\Lyssa.cpp,ALyssa::BeginPlay(),13,10,7,2,2,0,1,3,
G:\Documents\Git\Lyssa-s-Odyssey\LyssasOdyssey\Source\LissasOdyssey\Characters\Lyssa\Lyssa.cpp,ALyssa::Tick(float DeltaTime),6,4,4,0,2,0,0,0,
G:\Documents\Git\Lyssa-s-Odyssey\LyssasOdyssey\Source\LissasOdyssey\Characters\Lyssa\Lyssa.cpp,ALyssa::GetFylgja() const,2,2,2,1,0,0,0,0,
G:\Documents\Git\Lyssa-s-Odyssey\LyssasOdyssey\Source\LissasOdyssey\Characters\Lyssa\Lyssa.cpp,"ALyssa::WaitForLoadCompletionAndAssignKeys(ALevelGameMode* currentGameMode, UInputComponent* playerInputComponent, float checkInterval)",56,37,27,1,5,3,14,51,
G:\Documents\Git\Lyssa-s-Odyssey\LyssasOdyssey\Source\LissasOdyssey\Characters\Lyssa\Lyssa.cpp,ALyssa::SetupPlayerInputComponent(UInputComponent* PlayerInputComponent),13,7,5,1,2,0,4,28,
G:\Documents\Git\Lyssa-s-Odyssey\LyssasOdyssey\Source\LissasOdyssey\Characters\Lyssa\Lyssa.cpp,ALyssa::MoveUp(float value),18,10,7,2,2,0,6,28,
G:\Documents\Git\Lyssa-s-Odyssey\LyssasOdyssey\Source\LissasOdyssey\Characters\Lyssa\Lyssa.cpp,ALyssa::MoveDown(float value),18,10,7,2,2,0,6,28,
G:\Documents\Git\Lyssa-s-Odyssey\LyssasOdyssey\Source\LissasOdyssey\Characters\Lyssa\Lyssa.cpp,ALyssa::MoveRight(float value),18,10,7,2,2,0,6,28,
G:\Documents\Git\Lyssa-s-Odyssey\LyssasOdyssey\Source\LissasOdyssey\Characters\Lyssa\Lyssa.cpp,ALyssa::MoveLeft(float value),18,10,7,2,2,0,6,28,
G:\Documents\Git\Lyssa-s-Odyssey\LyssasOdyssey\Source\LissasOdyssey\Characters\Lyssa\Lyssa.cpp,ALyssa::UpdateRotation(),62,47,23,5,3,4,12,80,
G:\Documents\Git\Lyssa-s-Odyssey\LyssasOdyssey\Source\LissasOdyssey\Characters\Lyssa\Lyssa.cpp,ALyssa::MoveFUp(float value),7,5,3,1,0,0,2,9,
G:\Documents\Git\Lyssa-s-Odyssey\LyssasOdyssey\Source\LissasOdyssey\Characters\Lyssa\Lyssa.cpp,ALyssa::MoveFDown(float value),7,5,3,1,0,0,2,9,
G:\Documents\Git\Lyssa-s-Odyssey\LyssasOdyssey\Source\LissasOdyssey\Characters\Lyssa\Lyssa.cpp,ALyssa::MoveFRight(float value),7,5,3,1,0,0,2,9,
G:\Documents\Git\Lyssa-s-Odyssey\LyssasOdyssey\Source\LissasOdyssey\Characters\Lyssa\Lyssa.cpp,ALyssa::MoveFLeft(float value),7,5,3,1,0,0,2,9,
G:\Documents\Git\Lyssa-s-Odyssey\LyssasOdyssey\Source\LissasOdyssey\Characters\Lyssa\Lyssa.cpp,ALyssa::ActionAccept(),3,2,2,0,0,0,1,3,
G:\Documents\Git\Lyssa-s-Odyssey\LyssasOdyssey\Source\LissasOdyssey\Characters\Lyssa\Lyssa.cpp,ALyssa::ActionReturn(),3,2,2,0,0,0,1,3,
G:\Documents\Git\Lyssa-s-Odyssey\LyssasOdyssey\Source\LissasOdyssey\Characters\Lyssa\Lyssa.cpp,ALyssa::PauseGame(),8,6,4,1,0,1,2,8,
G:\Documents\Git\Lyssa-s-Odyssey\LyssasOdyssey\Source\LissasOdyssey\Characters\Lyssa\Lyssa.cpp,ALyssa::GetCurrentScorePickupAmount(),2,2,2,1,0,0,0,0,
G:\Documents\Git\Lyssa-s-Odyssey\LyssasOdyssey\Source\LissasOdyssey\Characters\Lyssa\Lyssa.cpp,ALyssa::UpdateScorePickupAmount(int amountChange),6,6,4,1,0,0,0,0,
G:\Documents\Git\Lyssa-s-Odyssey\LyssasOdyssey\Source\LissasOdyssey\Characters\Lyssa\Lyssa.cpp,ALyssa::GetTMapPlayerPickupAmountByLevel(),2,2,2,1,0,0,0,0,
G:\Documents\Git\Lyssa-s-Odyssey\LyssasOdyssey\Source\LissasOdyssey\Characters\Lyssa\Lyssa.cpp,"ALyssa::SetTMapPlayerPickupAmountByLevel(TMap<TEnumAsByte<LevelLabels>, int> newTMap)",2,2,2,0,0,0,0,0,
G:\Documents\Git\Lyssa-s-Odyssey\LyssasOdyssey\Source\LissasOdyssey\Characters\Lyssa\Lyssa.cpp,ALyssa::GetPlayerPickupTotalScore(),9,9,7,2,0,0,0,0,
G:\Documents\Git\Lyssa-s-Odyssey\LyssasOdyssey\Source\LissasOdyssey\Characters\Lyssa\Lyssa.cpp,"ALyssa::EmplaceTMapPlayerPickupAmountByLevel(LevelLabels LevelToChange, int newAmount)",5,5,3,1,0,0,0,0,
G:\Documents\Git\Lyssa-s-Odyssey\LyssasOdyssey\Source\LissasOdyssey\Characters\Lyssa\Lyssa.cpp,"ALyssa::UpdateTMapPlayerPickupAmountByLevel(LevelLabels LevelToChange, int amountChange)",6,6,3,1,0,0,0,0,
G:\Documents\Git\Lyssa-s-Odyssey\LyssasOdyssey\Source\LissasOdyssey\Characters\Lyssa\Lyssa.cpp,ALyssa::ResetTMapPlayerPickupAmountByLevel(),7,7,7,0,0,0,0,0,
G:\Documents\Git\Lyssa-s-Odyssey\LyssasOdyssey\Source\LissasOdyssey\Characters\Lyssa\Lyssa.cpp,ALyssa::CollectPickups(),29,18,12,3,4,0,7,44,
G:\Documents\Git\Lyssa-s-Odyssey\LyssasOdyssey\Source\LissasOdyssey\GameModes\LevelGameMode.cpp,ALevelGameMode::ALevelGameMode(),15,9,7,1,4,0,2,11,
G:\Documents\Git\Lyssa-s-Odyssey\LyssasOdyssey\Source\LissasOdyssey\GameModes\LevelGameMode.cpp,ALevelGameMode::SaveSettingsValues(UMainSaveGame* SaveInstance),35,6,6,0,9,0,20,63,
G:\Documents\Git\Lyssa-s-Odyssey\LyssasOdyssey\Source\LissasOdyssey\GameModes\LevelGameMode.cpp,ALevelGameMode::SaveGameSettings(),25,19,11,5,3,0,3,30,
G:\Documents\Git\Lyssa-s-Odyssey\LyssasOdyssey\Source\LissasOdyssey\GameModes\LevelGameMode.cpp,ALevelGameMode::LoadSettingsValues(UMainSaveGame * &LoadInstance),30,22,14,2,5,0,3,18,
G:\Documents\Git\Lyssa-s-Odyssey\LyssasOdyssey\Source\LissasOdyssey\GameModes\LevelGameMode.cpp,ALevelGameMode::LoadGameSettings(),34,26,15,7,5,0,3,26,
G:\Documents\Git\Lyssa-s-Odyssey\LyssasOdyssey\Source\LissasOdyssey\GameModes\LevelGameMode.cpp,ALevelGameMode::GetPickupScoreAmountInLevel(),14,12,9,3,2,0,0,0,
G:\Documents\Git\Lyssa-s-Odyssey\LyssasOdyssey\Source\LissasOdyssey\GameModes\LevelGameMode.cpp,ALevelGameMode::GetPickupScoreValueInLevel(),14,12,9,3,2,0,0,0,
G:\Documents\Git\Lyssa-s-Odyssey\LyssasOdyssey\Source\LissasOdyssey\GameModes\LevelGameMode.cpp,ALevelGameMode::GetIsBeginFunctionCompleted(),2,2,2,1,0,0,0,0,
G:\Documents\Git\Lyssa-s-Odyssey\LyssasOdyssey\Source\LissasOdyssey\GameModes\LevelGameMode.cpp,ALevelGameMode::BeginPlay(),75,63,40,15,9,0,3,9,
G:\Documents\Git\Lyssa-s-Odyssey\LyssasOdyssey\Source\LissasOdyssey\GameModes\LevelGameMode.cpp,ALevelGameMode::GetTimerForHud(),15,11,11,1,3,0,1,4,
G:\Documents\Git\Lyssa-s-Odyssey\LyssasOdyssey\Source\LissasOdyssey\GameModes\LevelGameMode.cpp,ALevelGameMode::CheckForDeath(),5,5,3,1,0,0,0,0,
G:\Documents\Git\Lyssa-s-Odyssey\LyssasOdyssey\Source\LissasOdyssey\GameModes\LevelGameMode.cpp,ALevelGameMode::ShowDialogueWidget(bool showCursor = true),10,7,5,1,1,0,2,7,
G:\Documents\Git\Lyssa-s-Odyssey\LyssasOdyssey\Source\LissasOdyssey\GameModes\LevelGameMode.cpp,ALevelGameMode::HideDialogueWidget(bool showCursor),9,7,5,1,1,0,1,4,
G:\Documents\Git\Lyssa-s-Odyssey\LyssasOdyssey\Source\LissasOdyssey\GameModes\LevelGameMode.cpp,ALevelGameMode::UpdateDialogue(FStructDialogue dialogue),3,2,2,0,0,0,1,4,
G:\Documents\Git\Lyssa-s-Odyssey\LyssasOdyssey\Source\LissasOdyssey\GameModes\LevelGameMode.cpp,ALevelGameMode::Tick(float DeltaTime),9,7,5,1,2,0,0,0,
G:\Documents\Git\Lyssa-s-Odyssey\LyssasOdyssey\Source\LissasOdyssey\GameModes\LevelGameMode.cpp,ALevelGameMode::GetCurrentState() const,2,2,2,1,0,0,0,0,
G:\Documents\Git\Lyssa-s-Odyssey\LyssasOdyssey\Source\LissasOdyssey\GameModes\LevelGameMode.cpp,ALevelGameMode::SetCurrentState(ELevelPlayState newState),3,3,3,0,0,0,0,0,
G:\Documents\Git\Lyssa-s-Odyssey\LyssasOdyssey\Source\LissasOdyssey\GameModes\LevelGameMode.cpp,ALevelGameMode::HandleNewState(ELevelPlayState newState),81,61,36,14,13,0,7,21,
G:\Documents\Git\Lyssa-s-Odyssey\LyssasOdyssey\Source\LissasOdyssey\GameModes\MainGameMode.cpp,AMainGameMode::AMainGameMode(),13,3,3,0,3,0,7,22,
G:\Documents\Git\Lyssa-s-Odyssey\LyssasOdyssey\Source\LissasOdyssey\GameModes\MainGameMode.cpp,AMainGameMode::ExecuteConsoleCommand(FString consoleCommand),19,19,11,5,0,1,0,2,
G:\Documents\Git\Lyssa-s-Odyssey\LyssasOdyssey\Source\LissasOdyssey\GameModes\MainGameMode.cpp,AMainGameMode::SaveSettingsValues(UMainSaveGame* SaveInstance),35,25,25,0,6,0,4,11,
G:\Documents\Git\Lyssa-s-Odyssey\LyssasOdyssey\Source\LissasOdyssey\GameModes\MainGameMode.cpp,AMainGameMode::SaveGameSettings(),27,19,11,5,3,0,5,38,
G:\Documents\Git\Lyssa-s-Odyssey\LyssasOdyssey\Source\LissasOdyssey\GameModes\MainGameMode.cpp,AMainGameMode::LoadSettingsValues(UMainSaveGame * &LoadInstance),32,24,24,0,6,0,2,9,
G:\Documents\Git\Lyssa-s-Odyssey\LyssasOdyssey\Source\LissasOdyssey\GameModes\MainGameMode.cpp,AMainGameMode::LoadGameSettings(),32,25,14,6,4,0,3,26,
G:\Documents\Git\Lyssa-s-Odyssey\LyssasOdyssey\Source\LissasOdyssey\GameModes\MainGameMode.cpp,AMainGameMode::UpdateAudioVolumes(),3,3,3,0,0,0,0,0,
G:\Documents\Git\Lyssa-s-Odyssey\LyssasOdyssey\Source\LissasOdyssey\GameModes\MainGameMode.cpp,AMainGameMode::InitializeTArrayAndApplyGraphicalSettings(),15,13,13,6,1,0,1,1,
G:\Documents\Git\Lyssa-s-Odyssey\LyssasOdyssey\Source\LissasOdyssey\GameModes\MainGameMode.cpp,AMainGameMode::InitializeGeneralSettingsWithDefault(),2,2,2,0,0,0,0,0,
G:\Documents\Git\Lyssa-s-Odyssey\LyssasOdyssey\Source\LissasOdyssey\GameModes\MainGameMode.cpp,AMainGameMode::InitializeGraphicalSettingsWithDefault(),9,9,9,0,0,0,0,0,
G:\Documents\Git\Lyssa-s-Odyssey\LyssasOdyssey\Source\LissasOdyssey\GameModes\MainGameMode.cpp,AMainGameMode::InitializeAudioSettingsWithDefault(),4,4,4,0,0,0,0,0,
G:\Documents\Git\Lyssa-s-Odyssey\LyssasOdyssey\Source\LissasOdyssey\GameModes\MainGameMode.cpp,AMainGameMode::InitializeKeySettingsWithDefault(),23,17,17,0,4,0,2,2,
G:\Documents\Git\Lyssa-s-Odyssey\LyssasOdyssey\Source\LissasOdyssey\GameModes\MainGameMode.cpp,AMainGameMode::BeginPlay(),26,17,14,5,4,0,5,9,
G:\Documents\Git\Lyssa-s-Odyssey\LyssasOdyssey\Source\LissasOdyssey\GameModes\MainGameMode.cpp,AMainGameMode::ShowCursor(bool showCursor),5,4,4,0,0,0,1,13,
G:\Documents\Git\Lyssa-s-Odyssey\LyssasOdyssey\Source\LissasOdyssey\GameModes\MainGameMode.cpp,"AMainGameMode::ShowWidget(TSubclassOf<UUserWidget> NewWidgetClass, bool showCursor)",13,11,7,2,2,0,0,0,
G:\Documents\Git\Lyssa-s-Odyssey\LyssasOdyssey\Source\LissasOdyssey\GameModes\MainGameMode.cpp,"AMainGameMode::HideWidget(UUserWidget* widgetToHide, bool showCursor)",7,6,4,1,1,0,0,0,
G:\Documents\Git\Lyssa-s-Odyssey\LyssasOdyssey\Source\LissasOdyssey\GameModes\MainGameMode.cpp,AMainGameMode::HideCurrentWidget(bool showCursor),8,7,5,1,1,0,0,0,
G:\Documents\Git\Lyssa-s-Odyssey\LyssasOdyssey\Source\LissasOdyssey\GameModes\MainGameMode.cpp,"AMainGameMode::ChangeMenuWidget(TSubclassOf<UUserWidget> NewWidgetClass, bool showCursor)",19,16,10,3,3,0,0,0,
G:\Documents\Git\Lyssa-s-Odyssey\LyssasOdyssey\Source\LissasOdyssey\GameModes\MainGameMode.cpp,AMainGameMode::ShowStartingWidget(),2,2,2,0,0,0,0,0,
G:\Documents\Git\Lyssa-s-Odyssey\LyssasOdyssey\Source\LissasOdyssey\GameModes\MainGameMode.cpp,AMainGameMode::ShowEndingWidget(),2,2,2,0,0,0,0,0,
G:\Documents\Git\Lyssa-s-Odyssey\LyssasOdyssey\Source\LissasOdyssey\GameModes\MainGameMode.cpp,AMainGameMode::ShowGameOverWidget(),2,2,2,0,0,0,0,0,
G:\Documents\Git\Lyssa-s-Odyssey\LyssasOdyssey\Source\LissasOdyssey\GameModes\MainGameMode.cpp,AMainGameMode::ShowPauseWidget(),2,2,2,0,0,0,0,0,
G:\Documents\Git\Lyssa-s-Odyssey\LyssasOdyssey\Source\LissasOdyssey\GameModes\MainGameMode.cpp,AMainGameMode::ShowHUD(),2,2,2,0,0,0,0,0,
G:\Documents\Git\Lyssa-s-Odyssey\LyssasOdyssey\Source\LissasOdyssey\GameModes\MainGameMode.cpp,AMainGameMode::UseDefaultSettings(),10,8,8,0,2,0,0,0,
G:\Documents\Git\Lyssa-s-Odyssey\LyssasOdyssey\Source\LissasOdyssey\GameModes\MainGameMode.cpp,AMainGameMode::ChangeCurrentLanguage(bool increase),12,10,7,1,2,0,0,0,
G:\Documents\Git\Lyssa-s-Odyssey\LyssasOdyssey\Source\LissasOdyssey\GameModes\MainGameMode.cpp,AMainGameMode::SwitchShowMinimap(),3,3,3,1,0,0,0,0,
G:\Documents\Git\Lyssa-s-Odyssey\LyssasOdyssey\Source\LissasOdyssey\GameModes\MainGameMode.cpp,"AMainGameMode::ChangeGraphicSetting(GraphicLabel graphicLabel, bool increase)",63,53,37,8,8,0,2,2,
G:\Documents\Git\Lyssa-s-Odyssey\LyssasOdyssey\Source\LissasOdyssey\GameModes\MainGameMode.cpp,AMainGameMode::UpdateGraphicSettings(),7,7,7,0,0,0,0,0,
G:\Documents\Git\Lyssa-s-Odyssey\LyssasOdyssey\Source\LissasOdyssey\GameModes\MainGameMode.cpp,AMainGameMode::SwitchShowFPS(),5,5,5,1,0,0,0,0,
G:\Documents\Git\Lyssa-s-Odyssey\LyssasOdyssey\Source\LissasOdyssey\GameModes\MainGameMode.cpp,AMainGameMode::SwitchFullScreen(),3,3,3,1,0,0,0,0,
G:\Documents\Git\Lyssa-s-Odyssey\LyssasOdyssey\Source\LissasOdyssey\GameModes\MainGameMode.cpp,AMainGameMode::SwitchUseGamePad(),3,3,3,1,0,0,0,0,
G:\Documents\Git\Lyssa-s-Odyssey\LyssasOdyssey\Source\LissasOdyssey\GameModes\MainGameMode.cpp,"AMainGameMode::AssignNewKey(FKey newKey, TEnumAsByte<PlayerActionLabel> actionToChange, bool isKeyboardKey)",13,10,5,2,1,0,2,29,
G:\Documents\Git\Lyssa-s-Odyssey\LyssasOdyssey\Source\LissasOdyssey\GameModes\MainGameMode.cpp,"AMainGameMode::ListenToNewKeyForMove(TEnumAsByte<PlayerActionLabel> actionToChange, int iteration)",38,30,24,5,6,3,2,18,
G:\Documents\Git\Lyssa-s-Odyssey\LyssasOdyssey\Source\LissasOdyssey\GameModes\MainGameMode.cpp,AMainGameMode::Tick(float DeltaTime),2,2,2,0,0,0,0,0,
G:\Documents\Git\Lyssa-s-Odyssey\LyssasOdyssey\Source\LissasOdyssey\Minimap\Minimap.cpp,UMinimap::UMinimap(const FObjectInitializer& ObjectInitializer),1,1,1,0,0,0,0,0,
G:\Documents\Git\Lyssa-s-Odyssey\LyssasOdyssey\Source\LissasOdyssey\Minimap\Minimap.cpp,UMinimap::FindCorners(),35,33,20,9,2,0,0,0,
G:\Documents\Git\Lyssa-s-Odyssey\LyssasOdyssey\Source\LissasOdyssey\Minimap\Minimap.cpp,UMinimap::BuildWidget(),16,10,8,1,3,0,3,10,
G:\Documents\Git\Lyssa-s-Odyssey\LyssasOdyssey\Source\LissasOdyssey\Minimap\Minimap.cpp,UMinimap::NativeConstruct(),52,37,29,4,8,0,7,42,
G:\Documents\Git\Lyssa-s-Odyssey\LyssasOdyssey\Source\LissasOdyssey\Minimap\Minimap.cpp,"UMinimap::NativeTick(const FGeometry& MyGeometry, float InDeltaTime)",25,15,13,1,4,0,6,64,
G:\Documents\Git\Lyssa-s-Odyssey\LyssasOdyssey\Source\LissasOdyssey\Minimap\MinimapCorner.cpp,AMinimapCorner::AMinimapCorner(),7,5,5,0,1,0,1,21,
G:\Documents\Git\Lyssa-s-Odyssey\LyssasOdyssey\Source\LissasOdyssey\Minimap\MinimapCorner.cpp,AMinimapCorner::GetNature(),2,2,2,1,0,0,0,0,
G:\Documents\Git\Lyssa-s-Odyssey\LyssasOdyssey\Source\LissasOdyssey\Minimap\MinimapCorner.cpp,AMinimapCorner::IsTopLeft(),2,2,2,1,0,0,0,0,
G:\Documents\Git\Lyssa-s-Odyssey\LyssasOdyssey\Source\LissasOdyssey\Minimap\MinimapCorner.cpp,AMinimapCorner::IsTopRight(),2,2,2,1,0,0,0,0,
G:\Documents\Git\Lyssa-s-Odyssey\LyssasOdyssey\Source\LissasOdyssey\Minimap\MinimapCorner.cpp,AMinimapCorner::IsBottomLeft(),2,2,2,1,0,0,0,0,
G:\Documents\Git\Lyssa-s-Odyssey\LyssasOdyssey\Source\LissasOdyssey\Minimap\MinimapCorner.cpp,AMinimapCorner::IsBottomRight(),2,2,2,1,0,0,0,0,
G:\Documents\Git\Lyssa-s-Odyssey\LyssasOdyssey\Source\LissasOdyssey\Minimap\MinimapCorner.cpp,AMinimapCorner::BeginPlay(),4,3,3,0,1,0,0,0,
G:\Documents\Git\Lyssa-s-Odyssey\LyssasOdyssey\Source\LissasOdyssey\Pickups\Pickup.cpp,APickup::APickup(),13,7,7,0,3,0,3,30,
G:\Documents\Git\Lyssa-s-Odyssey\LyssasOdyssey\Source\LissasOdyssey\Pickups\Pickup.cpp,APickup::BeginPlay(),3,2,2,0,1,0,0,0,
G:\Documents\Git\Lyssa-s-Odyssey\LyssasOdyssey\Source\LissasOdyssey\Pickups\Pickup.cpp,APickup::Tick(float DeltaTime),3,2,2,0,1,0,0,0,
G:\Documents\Git\Lyssa-s-Odyssey\LyssasOdyssey\Source\LissasOdyssey\Pickups\Pickup.cpp,APickup::IsActive(),2,2,2,1,0,0,0,0,
G:\Documents\Git\Lyssa-s-Odyssey\LyssasOdyssey\Source\LissasOdyssey\Pickups\Pickup.cpp,APickup::SetActive(bool newPickupState),8,6,4,1,1,0,1,4,
G:\Documents\Git\Lyssa-s-Odyssey\LyssasOdyssey\Source\LissasOdyssey\Pickups\Pickup.cpp,APickup::WasCollected_Implementation(),3,3,3,0,0,0,0,0,
G:\Documents\Git\Lyssa-s-Odyssey\LyssasOdyssey\Source\LissasOdyssey\Pickups\PickupLife.cpp,APickupLife::APickupLife(),1,1,1,0,0,0,0,0,
G:\Documents\Git\Lyssa-s-Odyssey\LyssasOdyssey\Source\LissasOdyssey\Pickups\PickupLife.cpp,APickupLife::WasCollected_Implementation(),2,2,2,0,0,0,0,0,
G:\Documents\Git\Lyssa-s-Odyssey\LyssasOdyssey\Source\LissasOdyssey\Pickups\PickupLife.cpp,APickupLife::GetLifeAmount(),2,2,2,1,0,0,0,0,
G:\Documents\Git\Lyssa-s-Odyssey\LyssasOdyssey\Source\LissasOdyssey\Pickups\PickupScore.cpp,APickupScore::APickupScore(),1,1,1,0,0,0,0,0,
G:\Documents\Git\Lyssa-s-Odyssey\LyssasOdyssey\Source\LissasOdyssey\Pickups\PickupScore.cpp,APickupScore::WasCollected_Implementation(),2,2,2,0,0,0,0,0,
G:\Documents\Git\Lyssa-s-Odyssey\LyssasOdyssey\Source\LissasOdyssey\Pickups\PickupScore.cpp,APickupScore::GetScoreAmount(),2,2,2,1,0,0,0,0,
G:\Documents\Git\Lyssa-s-Odyssey\LyssasOdyssey\Source\LissasOdyssey\SaveSlots\MainSaveGame.cpp,UMainSaveGame::UMainSaveGame(),3,2,2,0,0,0,1,4,
G:\Documents\Git\Lyssa-s-Odyssey\LyssasOdyssey\Source\LissasOdyssey\Triggers\CustomTriggerBase.cpp,ACustomTriggerBase::ACustomTriggerBase(),7,4,4,0,1,0,2,26,
G:\Documents\Git\Lyssa-s-Odyssey\LyssasOdyssey\Source\LissasOdyssey\Triggers\CustomTriggerBase.cpp,ACustomTriggerBase::BeginPlay(),13,10,7,2,2,0,1,3,
G:\Documents\Git\Lyssa-s-Odyssey\LyssasOdyssey\Source\LissasOdyssey\Triggers\CustomTriggerBase.cpp,ACustomTriggerBase::OnTriggerDetected_Implementation(),4,2,2,0,0,0,2,8,
G:\Documents\Git\Lyssa-s-Odyssey\LyssasOdyssey\Source\LissasOdyssey\Triggers\CustomTriggerBase.cpp,ACustomTriggerBase::Tick(float DeltaTime),23,20,12,3,2,2,1,11,
G:\Documents\Git\Lyssa-s-Odyssey\LyssasOdyssey\Source\LissasOdyssey\Triggers\CustomTriggerDialogue.cpp,ACustomTriggerDialogue::ACustomTriggerDialogue(),5,3,3,0,1,0,1,21,
G:\Documents\Git\Lyssa-s-Odyssey\LyssasOdyssey\Source\LissasOdyssey\Triggers\CustomTriggerDialogue.cpp,ACustomTriggerDialogue::OnActionAccept(),5,5,3,1,0,0,0,0,
G:\Documents\Git\Lyssa-s-Odyssey\LyssasOdyssey\Source\LissasOdyssey\Triggers\CustomTriggerDialogue.cpp,ACustomTriggerDialogue::BeginPlay(),28,22,14,4,5,1,1,3,
G:\Documents\Git\Lyssa-s-Odyssey\LyssasOdyssey\Source\LissasOdyssey\Triggers\CustomTriggerDialogue.cpp,ACustomTriggerDialogue::OnTriggerDetected_Implementation(),12,7,5,1,2,1,3,8,
G:\Documents\Git\Lyssa-s-Odyssey\LyssasOdyssey\Source\LissasOdyssey\Triggers\CustomTriggerDialogue.cpp,ACustomTriggerDialogue::Tick(float DeltaTime),32,21,13,3,5,1,6,20,
G:\Documents\Git\Lyssa-s-Odyssey\LyssasOdyssey\Source\LissasOdyssey\Triggers\CustomTriggerFoe.cpp,ACustomTriggerFoe::ACustomTriggerFoe(),4,3,3,0,0,0,1,21,
G:\Documents\Git\Lyssa-s-Odyssey\LyssasOdyssey\Source\LissasOdyssey\Triggers\CustomTriggerFoe.cpp,ACustomTriggerFoe::BeginPlay(),9,7,5,2,2,0,0,0,
G:\Documents\Git\Lyssa-s-Odyssey\LyssasOdyssey\Source\LissasOdyssey\Triggers\CustomTriggerFoe.cpp,ACustomTriggerFoe::OnTriggerDetected_Implementation(),18,16,10,3,2,0,0,0,
G:\Documents\Git\Lyssa-s-Odyssey\LyssasOdyssey\Source\LissasOdyssey\Triggers\CustomTriggerFylgja.cpp,ACustomTriggerFylgja::ACustomTriggerFylgja(),3,2,2,0,0,0,1,21,
G:\Documents\Git\Lyssa-s-Odyssey\LyssasOdyssey\Source\LissasOdyssey\Triggers\CustomTriggerFylgja.cpp,ACustomTriggerFylgja::BeginPlay(),7,6,4,1,1,0,0,0,
G:\Documents\Git\Lyssa-s-Odyssey\LyssasOdyssey\Source\LissasOdyssey\Triggers\CustomTriggerFylgja.cpp,ACustomTriggerFylgja::OnTriggerDetected_Implementation(),12,10,6,2,1,0,1,3,
G:\Documents\Git\Lyssa-s-Odyssey\LyssasOdyssey\Source\LissasOdyssey\Triggers\CustomTriggerGate.cpp,ACustomTriggerGate::ACustomTriggerGate(),4,3,3,0,0,0,1,21,
G:\Documents\Git\Lyssa-s-Odyssey\LyssasOdyssey\Source\LissasOdyssey\Triggers\CustomTriggerGate.cpp,ACustomTriggerGate::BeginPlay(),5,4,3,1,1,0,0,0,
G:\Documents\Git\Lyssa-s-Odyssey\LyssasOdyssey\Source\LissasOdyssey\Triggers\CustomTriggerGate.cpp,ACustomTriggerGate::OnTriggerDetected_Implementation(),12,11,6,3,1,0,0,0,
G:\Documents\Git\Lyssa-s-Odyssey\LyssasOdyssey\Source\LissasOdyssey\Triggers\CustomTriggerGateWithCondition.cpp,ACustomTriggerGateWithCondition::ACustomTriggerGateWithCondition(),4,3,3,0,0,0,1,21,
G:\Documents\Git\Lyssa-s-Odyssey\LyssasOdyssey\Source\LissasOdyssey\Triggers\CustomTriggerGateWithCondition.cpp,ACustomTriggerGateWithCondition::BeginPlay(),4,3,3,0,1,0,0,0,
G:\Documents\Git\Lyssa-s-Odyssey\LyssasOdyssey\Source\LissasOdyssey\Triggers\CustomTriggerGateWithCondition.cpp,ACustomTriggerGateWithCondition::OnTriggerDetected_Implementation(),24,23,12,4,1,0,0,0,
G:\Documents\Git\Lyssa-s-Odyssey\LyssasOdyssey\Source\LissasOdyssey\UI\HUD_BossInfo.cpp,UHUD_BossInfo::UHUD_BossInfo(const FObjectInitializer& ObjectInitializer),1,1,1,0,0,0,0,0,
G:\Documents\Git\Lyssa-s-Odyssey\LyssasOdyssey\Source\LissasOdyssey\UI\HUD_BossInfo.cpp,UHUD_BossInfo::BuildWidget(),10,6,5,1,2,0,2,7,
G:\Documents\Git\Lyssa-s-Odyssey\LyssasOdyssey\Source\LissasOdyssey\UI\HUD_BossInfo.cpp,UHUD_BossInfo::NativeConstruct(),14,11,7,1,1,0,2,10,
G:\Documents\Git\Lyssa-s-Odyssey\LyssasOdyssey\Source\LissasOdyssey\UI\HUD_BossInfo.cpp,UHUD_BossInfo::GetCurrentBoss(),2,2,2,1,0,0,0,0,
G:\Documents\Git\Lyssa-s-Odyssey\LyssasOdyssey\Source\LissasOdyssey\UI\HUD_BossInfo.cpp,UHUD_BossInfo::SetCurrentBoss(class ABoss* newBoss),2,2,2,0,0,0,0,0,
G:\Documents\Git\Lyssa-s-Odyssey\LyssasOdyssey\Source\LissasOdyssey\UI\HUD_BossInfo.cpp,UHUD_BossInfo::ShowInfo(),5,5,3,1,0,0,0,0,
G:\Documents\Git\Lyssa-s-Odyssey\LyssasOdyssey\Source\LissasOdyssey\UI\HUD_BossInfo.cpp,UHUD_BossInfo::HideInfo(),5,5,3,1,0,0,0,0,
G:\Documents\Git\Lyssa-s-Odyssey\LyssasOdyssey\Source\LissasOdyssey\UI\HUD_BossInfo.cpp,"UHUD_BossInfo::NativeTick(const FGeometry& MyGeometry, float InDeltaTime)",2,1,1,0,1,0,0,0,
G:\Documents\Git\Lyssa-s-Odyssey\LyssasOdyssey\Source\LissasOdyssey\Utils\ActorWithMeshBase.cpp,AActorWithMeshBase::AActorWithMeshBase(),7,4,4,0,1,0,2,26,
G:\Documents\Git\Lyssa-s-Odyssey\LyssasOdyssey\Source\LissasOdyssey\Utils\ActorWithMeshBase.cpp,AActorWithMeshBase::BeginPlay(),3,2,2,0,1,0,0,0,
G:\Documents\Git\Lyssa-s-Odyssey\LyssasOdyssey\Source\LissasOdyssey\Utils\ActorWithMeshBase.cpp,AActorWithMeshBase::Tick(float DeltaTime),3,2,2,0,1,0,0,0,
G:\Documents\Git\Lyssa-s-Odyssey\LyssasOdyssey\Source\LissasOdyssey\Utils\GameConstants.cpp,GameConstants::GameConstants(),1,1,1,0,0,0,0,0,
G:\Documents\Git\Lyssa-s-Odyssey\LyssasOdyssey\Source\LissasOdyssey\Utils\GameConstants.cpp,GameConstants::~GameConstants(),1,1,1,0,0,0,0,0,
G:\Documents\Git\Lyssa-s-Odyssey\LyssasOdyssey\Source\LissasOdyssey\Utils\GameEnums.cpp,GameEnums::GameEnums(),1,1,1,0,0,0,0,0,
G:\Documents\Git\Lyssa-s-Odyssey\LyssasOdyssey\Source\LissasOdyssey\Utils\GameEnums.cpp,GameEnums::~GameEnums(),1,1,1,0,0,0,0,0,
G:\Documents\Git\Lyssa-s-Odyssey\LyssasOdyssey\Source\LissasOdyssey\Utils\PositionReporter.cpp,UPositionReporter::UPositionReporter(),4,2,2,0,0,0,2,30,
G:\Documents\Git\Lyssa-s-Odyssey\LyssasOdyssey\Source\LissasOdyssey\Utils\PositionReporter.cpp,UPositionReporter::BeginPlay(),6,5,5,0,1,0,0,0,
G:\Documents\Git\Lyssa-s-Odyssey\LyssasOdyssey\Source\LissasOdyssey\Utils\PositionReporter.cpp,"UPositionReporter::TickComponent(float DeltaTime, ELevelTick TickType, FActorComponentTickFunction* ThisTickFunction)",2,2,2,0,0,0,0,0,
G:\Documents\Git\Lyssa-s-Odyssey\LyssasOdyssey\Source\LissasOdyssey\Utils\RotateOverTime.cpp,URotateOverTime::URotateOverTime(),4,2,2,0,0,0,2,30,
G:\Documents\Git\Lyssa-s-Odyssey\LyssasOdyssey\Source\LissasOdyssey\Utils\RotateOverTime.cpp,URotateOverTime::BeginPlay(),2,2,2,0,0,0,0,0,
G:\Documents\Git\Lyssa-s-Odyssey\LyssasOdyssey\Source\LissasOdyssey\Utils\RotateOverTime.cpp,"URotateOverTime::TickComponent(float DeltaTime, ELevelTick TickType, FActorComponentTickFunction* ThisTickFunction)",5,4,4,0,1,0,0,0,
G:\Documents\Git\Lyssa-s-Odyssey\LyssasOdyssey\Source\LissasOdyssey\Utils\Structures\StructDialogue.cpp,FStructDialogue::FStructDialogue(),1,1,1,0,0,0,0,0,
G:\Documents\Git\Lyssa-s-Odyssey\LyssasOdyssey\Source\LissasOdyssey\Utils\Structures\StructTextTrad.cpp,FStructTextTrad::FStructTextTrad(),1,1,1,0,0,0,0,0,
G:\Documents\Git\Lyssa-s-Odyssey\LyssasOdyssey\Source\LissasOdyssey\Utils\Structures\StructTextureData.cpp,FStructTextureData::FStructTextureData(),2,2,2,0,0,0,0,0,
G:\Documents\Git\Lyssa-s-Odyssey\LyssasOdyssey\Source\LissasOdyssey\WorldAssets\FinishArea.cpp,AFinishArea::AFinishArea(const FObjectInitializer& ObjectInitializer),4,2,2,0,1,0,1,21,
G:\Documents\Git\Lyssa-s-Odyssey\LyssasOdyssey\Source\LissasOdyssey\WorldAssets\FinishArea.cpp,AFinishArea::BeginPlay(),4,3,3,0,1,0,0,0,
G:\Documents\Git\Lyssa-s-Odyssey\LyssasOdyssey\Source\LissasOdyssey\WorldAssets\FinishArea.cpp,AFinishArea::Tick(float DeltaTime),20,17,11,3,2,0,1,9,
G:\Documents\Git\Lyssa-s-Odyssey\LyssasOdyssey\Source\LissasOdyssey\WorldAssets\Gate.cpp,AGate::AGate(),4,2,2,0,1,0,1,21,
G:\Documents\Git\Lyssa-s-Odyssey\LyssasOdyssey\Source\LissasOdyssey\WorldAssets\Gate.cpp,AGate::BeginPlay(),4,3,3,0,1,0,0,0,
G:\Documents\Git\Lyssa-s-Odyssey\LyssasOdyssey\Source\LissasOdyssey\WorldAssets\Gate.cpp,AGate::GetIsOpen(),2,2,2,1,0,0,0,0,
G:\Documents\Git\Lyssa-s-Odyssey\LyssasOdyssey\Source\LissasOdyssey\WorldAssets\Gate.cpp,AGate::SetIsOpen(bool newState),2,2,2,0,0,0,0,0,
G:\Documents\Git\Lyssa-s-Odyssey\LyssasOdyssey\Source\LissasOdyssey\WorldAssets\Gate.cpp,AGate::ChangeIsOpen(),2,2,2,0,0,0,0,0,
G:\Documents\Git\Lyssa-s-Odyssey\LyssasOdyssey\Source\LissasOdyssey\WorldAssets\Gate.cpp,AGate::Tick(float DeltaTime),3,2,2,0,1,0,0,0,
G:\Documents\Git\Lyssa-s-Odyssey\LyssasOdyssey\Source\LissasOdyssey\WorldAssets\HindranceRock.cpp,AHindranceRock::AHindranceRock(),10,4,4,0,2,0,4,31,
G:\Documents\Git\Lyssa-s-Odyssey\LyssasOdyssey\Source\LissasOdyssey\WorldAssets\HindranceRock.cpp,AHindranceRock::BeginPlay(),4,3,3,0,1,0,0,0,
G:\Documents\Git\Lyssa-s-Odyssey\LyssasOdyssey\Source\LissasOdyssey\WorldAssets\HindranceRock.cpp,AHindranceRock::HandleOverlap(),16,13,9,2,1,0,2,10,
G:\Documents\Git\Lyssa-s-Odyssey\LyssasOdyssey\Source\LissasOdyssey\WorldAssets\HindranceRock.cpp,AHindranceRock::Tick(float DeltaTime),7,6,4,1,1,0,0,0,
G:\Documents\Git\Lyssa-s-Odyssey\LyssasOdyssey\Source\LissasOdyssey\WorldAssets\LevelPortal.cpp,"ALevelPortal::InitializeText(UTextRenderComponent* textToInit, bool isFrontText)",10,10,8,1,0,0,0,0,
G:\Documents\Git\Lyssa-s-Odyssey\LyssasOdyssey\Source\LissasOdyssey\WorldAssets\LevelPortal.cpp,ALevelPortal::ALevelPortal(),18,12,12,0,4,0,2,26,
G:\Documents\Git\Lyssa-s-Odyssey\LyssasOdyssey\Source\LissasOdyssey\WorldAssets\LevelPortal.cpp,ALevelPortal::UpdateTexts(),65,61,43,11,3,0,1,2,
G:\Documents\Git\Lyssa-s-Odyssey\LyssasOdyssey\Source\LissasOdyssey\WorldAssets\LevelPortal.cpp,ALevelPortal::UpdateLevelToOpenName(),22,22,14,7,0,0,0,0,
G:\Documents\Git\Lyssa-s-Odyssey\LyssasOdyssey\Source\LissasOdyssey\WorldAssets\LevelPortal.cpp,ALevelPortal::BeginPlay(),5,4,4,0,1,0,0,0,
G:\Documents\Git\Lyssa-s-Odyssey\LyssasOdyssey\Source\LissasOdyssey\WorldAssets\LevelPortal.cpp,ALevelPortal::SwapLevel(),5,4,4,0,1,0,0,0,
G:\Documents\Git\Lyssa-s-Odyssey\LyssasOdyssey\Source\LissasOdyssey\WorldAssets\LevelPortal.cpp,ALevelPortal::HandleOverlap(),15,12,8,2,1,0,2,12,
G:\Documents\Git\Lyssa-s-Odyssey\LyssasOdyssey\Source\LissasOdyssey\WorldAssets\LevelPortal.cpp,ALevelPortal::Tick(float DeltaTime),4,3,3,0,1,0,0,0,
G:\Documents\Git\Lyssa-s-Odyssey\LyssasOdyssey\Source\LissasOdyssey\WorldAssets\Wall.cpp,AWall::AWall(),8,4,4,0,2,0,2,24,
G:\Documents\Git\Lyssa-s-Odyssey\LyssasOdyssey\Source\LissasOdyssey\WorldAssets\Wall.cpp,AWall::BeginPlay(),4,3,3,0,1,0,0,0,
G:\Documents\Git\Lyssa-s-Odyssey\LyssasOdyssey\Source\LissasOdyssey\WorldAssets\Wall.cpp,AWall::Tick(float DeltaTime),3,2,2,0,1,0,0,0,
